{
  "total_return":0.0349921248,
  "annual_return":0.0354210972,
  "annual_vol":0.0532403894,
  "sharpe":0.6803516734,
  "max_drawdown":-0.0582199397,
  "avg_turnover":0.0071682581,
  "total_cost":358.8095971858,
  "final_nav":103499.2124834043,
  "win_rate":0.4819277108,
  "avg_daily_return":0.0001437388
}